城市,职业类型,职位名称,工作地址,平均薪资_元,薪资等级,住宿情况,保险情况,招聘紧急度,薪资结算方式,经验要求
beijing,其他职业,招聘1单1万美业电销提成24…,通州北苑,25000.0,high,不包住宿,无保险,普通,月结,有经验要求
beijing,模特展示,古装模特走秀十天一结无任何费用,东直门外,15000.0,high,不包住宿,无保险,普通,月结,有经验要求
beijing,其他职业,10k起晚礼服汉服礼仪可小白…,东单,15000.0,high,不包住宿,无保险,普通,月结,有经验要求
beijing,其他职业,有人带公司提供住宿月1.8w,新华大街,15000.0,high,不包住宿,无保险,普通,月结,有经验要求
beijing,司机,月入过万高薪聘请司机,通州北苑,15000.0,high,不包住宿,无保险,普通,月结,有经验要求
beijing,司机,司机/周结/零成本/包住…,通州北苑,15000.0,high,包住宿,无保险,普通,月结,有经验要求
beijing,司机,C2司机新手包教会月入过万,望京,14500.0,high,不包住宿,无保险,普通,月结,有经验要求
beijing,司机,时间自由短期结账包住司机,石门,14500.0,high,包住宿,无保险,普通,月结,有经验要求
beijing,司机,急招C1司机一名管住可周结,回龙观,14500.0,high,不包住宿,无保险,急招,月结,有经验要求
beijing,其他职业,正规曹操出行公司急招C1网约…,安慧桥,14000.0,high,不包住宿,无保险,急招,月结,有经验要求
beijing,司机,本人招小车司机一名五险双休,马家堡,14000.0,high,不包住宿,有保险,普通,月结,有经验要求
beijing,司机,可试跑招C1司机管油管住,百子湾,14000.0,high,不包住宿,无保险,普通,月结,有经验要求
beijing,司机,北京急招15K五险一金包住司机,六里桥,14000.0,high,包住宿,有保险,急招,月结,有经验要求
beijing,司机,周结0押金0租金包住月过万司机,亦庄,14000.0,high,包住宿,无保险,普通,月结,有经验要求
beijing,其他职业,无押金全北京跑包住五险一金招…,后沙峪,14000.0,high,包住宿,有保险,普通,月结,有经验要求
beijing,司机,诚聘C1司机一名管住周结,后沙峪,13500.0,high,不包住宿,无保险,普通,月结,有经验要求
beijing,司机,网约车司机包住混动4800开走,马家堡,13500.0,high,包住宿,无保险,普通,月结,有经验要求
beijing,司机,0元提车月入过万司机包住,石佛营,13500.0,high,包住宿,无保险,普通,月结,有经验要求
beijing,其他职业,曹操出行平台配全新车招官方网…,安慧桥,13500.0,high,不包住宿,无保险,普通,月结,有经验要求
beijing,按摩理疗,招足疗师和学徒五五分轻松过万,丰台体…,12500.0,high,不包住宿,无保险,普通,月结,有经验要求
beijing,其他职业,车队长（省内运输）,媒体村,12500.0,high,不包住宿,无保险,普通,月结,有经验要求
beijing,司机,招网约车司机新车0公里480…,世界公园,12500.0,high,不包住宿,无保险,普通,月结,有经验要求
beijing,司机,货运司机/线上接单,媒体村,12500.0,high,不包住宿,无保险,普通,月结,有经验要求
beijing,司机,合作司机（月1.5w包住）,张家湾,12500.0,high,包住宿,无保险,普通,月结,有经验要求
beijing,司机,直招上班司机跑8小时底薪一万,马家堡,12000.0,high,不包住宿,无保险,普通,月结,有经验要求
beijing,司机,给公司开车专职司机有住宿新人…,马驹桥,12000.0,high,不包住宿,无保险,普通,月结,无经验要求
beijing,司机,日薪四百网约车C本司机可短期,丰益桥,12000.0,medium,不包住宿,无保险,普通,月结,有经验要求
beijing,司机,日结周结约车司机管住,马驹桥,12000.0,high,不包住宿,无保险,普通,日结,有经验要求
beijing,司机,0押金日结小车司机月入过万,南苑,12000.0,high,不包住宿,无保险,普通,日结,有经验要求
beijing,司机,客运司机/朝九晚五,孙河,11500.0,medium,不包住宿,无保险,普通,月结,有经验要求
beijing,按摩理疗,中医按摩师健康管理包食宿,东城,11500.0,medium,包住宿,无保险,普通,月结,有经验要求
beijing,外卖配送,还款压力大试试送餐员,宋家庄…,11500.0,medium,不包住宿,无保险,普通,月结,有经验要求
beijing,外卖配送,站点直招送餐员好送好取,亦庄,11500.0,medium,不包住宿,无保险,普通,月结,有经验要求
beijing,其他职业,包住时间自由月1.3w,通州北苑,11500.0,medium,包住宿,无保险,普通,月结,有经验要求
beijing,外卖配送,送餐员你的时间价值非凡底薪灵…,昌平县城,11300.0,medium,不包住宿,无保险,普通,月结,有经验要求
beijing,护理育婴,北京军区养老院招护工10名名…,阎村,11000.0,medium,不包住宿,无保险,普通,月结,有经验要求
beijing,外卖配送,送餐员-城市里的追风勇士,朝外大街,11000.0,medium,不包住宿,无保险,普通,月结,有经验要求
beijing,司机,公司直招：无任何费用招司机包住,张家湾,11000.0,medium,包住宿,无保险,普通,月结,有经验要求
beijing,司机,C1司机月入过万不是梦,亦庄,10500.0,medium,不包住宿,无保险,普通,月结,有经验要求
beijing,快递配送,快递员公司直招不收取任何费用,沙河,10500.0,medium,不包住宿,无保险,普通,月结,有经验要求
beijing,司机,一人一车客运司机,昌平县城,10500.0,medium,不包住宿,无保险,普通,月结,有经验要求
beijing,普工包装,库房直招搬运400天天有活,玉桥,10250.0,medium,不包住宿,无保险,普通,月结,有经验要求
beijing,普工包装,小件搬运日均460天结包吃住,六里桥,10250.0,medium,不包住宿,无保险,普通,日结,有经验要求
beijing,按摩理疗,北京急招理疗师推拿按摩师,定福庄,10000.0,medium,不包住宿,无保险,急招,月结,有经验要求
beijing,护理育婴,解放军医院招护工30名包住可…,北七家,10000.0,medium,包住宿,无保险,普通,月结,有经验要求
beijing,其他职业,小件装卸450包吃住,通州周边,9500.0,medium,不包住宿,无保险,普通,月结,有经验要求
beijing,护理育婴,北京三甲医院养老院找护工,四惠,9500.0,medium,不包住宿,无保险,普通,月结,有经验要求
beijing,其他职业,急急急不压工资分拣员提供吃住,长阳,9200.0,medium,不包住宿,无保险,普通,月结,有经验要求
beijing,其他职业,急招角色演员五险包吃住,CBD,9000.0,medium,不包住宿,有保险,急招,月结,有经验要求
beijing,其他职业,艺人经纪助理无经验包吃住,CBD,9000.0,medium,不包住宿,无保险,普通,月结,无经验要求
beijing,其他职业,不限工龄包住月1w,石佛营,9000.0,medium,包住宿,无保险,普通,月结,无经验要求
beijing,其他职业,时间自由安排周末双休月1.2w,新宫,9000.0,medium,不包住宿,无保险,普通,月结,有经验要求
beijing,安保安检,安检工作轻松上岗上班快日结2…,西城,8250.0,medium,不包住宿,无保险,普通,日结,有经验要求
beijing,其他职业,月1.5w周末双休包吃,西客站,8000.0,medium,不包住宿,无保险,普通,月结,有经验要求
beijing,其他职业,底薪1w周末双休,花乡,8000.0,medium,不包住宿,无保险,普通,月结,有经验要求
beijing,其他职业,磨工,上庄,8000.0,medium,不包住宿,无保险,普通,月结,有经验要求
beijing,其他职业,数据分析实习生（不限经验接受…,西直门,8000.0,medium,不包住宿,无保险,普通,月结,有经验要求
beijing,普工包装,北京国企电子蓝牙耳机包装26…,亦庄,8000.0,medium,不包住宿,无保险,普通,月结,有经验要求
beijing,其他职业,聘广告制作安装/全能的你,老山,8000.0,medium,不包住宿,无保险,普通,月结,有经验要求
beijing,销售营销,急招市场营销专员,台湖镇,8000.0,medium,不包住宿,无保险,急招,月结,有经验要求
beijing,其他职业,网格员,万柳,8000.0,medium,不包住宿,无保险,普通,月结,有经验要求
beijing,普工包装,小商品包装普工260/天,亦庄,7500.0,low,不包住宿,无保险,普通,月结,有经验要求
beijing,其他职业,7k中控员或设备运行,天通苑,7250.0,low,不包住宿,无保险,普通,月结,有经验要求
beijing,普工包装,急聘包装运动鞋300日结,北京,7150.0,low,不包住宿,无保险,急招,日结,有经验要求
beijing,安保安检,北京地铁直招安检员/零费用入职,小红门,6750.0,low,不包住宿,无保险,普通,月结,有经验要求
beijing,安保安检,急聘大厦保安队长10名,来广营,6650.0,low,不包住宿,无保险,急招,月结,有经验要求
beijing,其他职业,五险一金人事行政主管双休,西直门,6500.0,low,不包住宿,有保险,普通,月结,有经验要求
beijing,安保安检,7k招公园景区保安包食宿,大兴,6000.0,low,包住宿,无保险,普通,月结,有经验要求
beijing,安保安检,18到55内门卫保安管吃住月…,国贸,5500.0,low,不包住宿,无保险,普通,月结,有经验要求
beijing,其他职业,消防中控值机员,北太平庄,5450.0,low,不包住宿,无保险,普通,月结,有经验要求
chongqing,模特展示,新人微胖试衣模特不限身高,观音桥,16000.0,high,不包住宿,无保险,普通,月结,无经验要求
chongqing,模特展示,服装模特不露脸可日结,沙坪坝,13500.0,high,不包住宿,无保险,普通,日结,有经验要求
chongqing,按摩理疗,足疗按摩SPA,北环,13500.0,high,不包住宿,无保险,普通,月结,有经验要求
chongqing,司机,货运司机（接单）,九龙坡,12000.0,high,不包住宿,无保险,普通,月结,有经验要求
chongqing,销售营销,照母山房产销售,鸳鸯,11500.0,medium,不包住宿,无保险,普通,月结,有经验要求
chongqing,其他职业,演员艺人,袁家岗,11500.0,medium,不包住宿,无保险,普通,月结,有经验要求
chongqing,其他职业,不限工龄新能源车,九龙坡,11500.0,medium,不包住宿,无保险,普通,月结,无经验要求
chongqing,其他职业,公司提供车辆系统自动派单底薪…,人和,10400.0,medium,不包住宿,无保险,普通,月结,有经验要求
chongqing,模特展示,试衣服模特一一胖瘦不限,观音桥,10000.0,medium,不包住宿,无保险,普通,月结,有经验要求
chongqing,其他职业,遵守交通规则包住,江北嘴,10000.0,medium,包住宿,无保险,普通,月结,有经验要求
chongqing,司机,集团直招网约车司机待遇好,学府大道,9900.0,medium,不包住宿,无保险,普通,月结,有经验要求
chongqing,其他职业,市场专员,二郎,9500.0,medium,不包住宿,无保险,普通,月结,有经验要求
chongqing,外卖配送,急着骑手免费用车免装备住宿,大石坝,9350.0,medium,不包住宿,无保险,普通,月结,有经验要求
chongqing,外卖配送,提供车住骑手奖励3千等你来拿,弹子石,9350.0,medium,不包住宿,无保险,普通,月结,有经验要求
chongqing,其他职业,打着灯笼找不到的主播工作,二郎,9000.0,medium,不包住宿,无保险,普通,月结,有经验要求
chongqing,司机,招聘超市货物配送货运司机,土主,9000.0,medium,不包住宿,无保险,普通,月结,有经验要求
chongqing,外卖配送,北碚新老城单多急需送餐员,城南新区,8799.0,medium,不包住宿,无保险,普通,月结,有经验要求
chongqing,其他职业,诚聘足浴店前厅部主管,潼南城区,8500.0,medium,不包住宿,无保险,普通,月结,有经验要求
chongqing,其他职业,夜班包住手机接单,冉家坝,8283.0,medium,包住宿,无保险,普通,月结,有经验要求
chongqing,外卖配送,美团站点直招骑手提供吃住,龙头寺,8249.0,medium,不包住宿,无保险,普通,月结,有经验要求
chongqing,模特展示,新人服装模特时间自由日结,三峡广场,8000.0,medium,不包住宿,无保险,普通,日结,无经验要求
chongqing,服务接待,KTV服务员淡妆上班,江北黄…,8000.0,medium,不包住宿,无保险,普通,月结,有经验要求
chongqing,按摩理疗,高薪招按摩师包吃住,临江门,8000.0,medium,不包住宿,无保险,普通,月结,有经验要求
chongqing,其他职业,限时美容学徒，免费学美容,红旗河沟,8000.0,medium,不包住宿,无保险,普通,月结,有经验要求
chongqing,其他职业,招美甲美睫学徒+化妆学徒,观音桥,8000.0,medium,不包住宿,无保险,普通,月结,有经验要求
chongqing,其他职业,实体名店招化妆+美甲学徒,南坪,8000.0,medium,不包住宿,无保险,普通,月结,有经验要求
chongqing,其他职业,无经验育儿嫂,沙坪坝,8000.0,medium,不包住宿,无保险,普通,月结,无经验要求
chongqing,其他职业,周末双休/有无经验均可9…,南坪,8000.0,medium,不包住宿,无保险,普通,月结,无经验要求
chongqing,服务接待,急聘KTV服务员化妆上班,观音桥,8000.0,medium,不包住宿,无保险,急招,月结,有经验要求
chongqing,外卖配送,重庆送餐员单多新人奖提成高,龙头寺,7950.0,low,不包住宿,无保险,普通,月结,无经验要求
chongqing,其他职业,不受任何费用包吃,龙头寺,7933.0,low,不包住宿,无保险,普通,月结,有经验要求
chongqing,外卖配送,两路+机场急招外卖,两路,7889.0,low,不包住宿,无保险,急招,月结,有经验要求
chongqing,其他职业,师傅带/无收任何费用88…,冉家坝,7777.0,low,不包住宿,无保险,普通,月结,有经验要求
chongqing,外卖配送,跑单送餐/赚钱简单/8千,新牌坊,7600.0,low,不包住宿,无保险,普通,月结,有经验要求
chongqing,销售营销,月薪8k待遇优招汽车销售,黔江城区,7500.0,low,不包住宿,无保险,普通,月结,有经验要求
chongqing,普工包装,物流搬运可至54岁专线,北碚,7500.0,low,不包住宿,无保险,普通,月结,有经验要求
chongqing,其他职业,月薪7k包吃住机械维修工,巴南,7500.0,low,不包住宿,无保险,普通,月结,有经验要求
chongqing,普工包装,物流跟车搬运8500,北碚,7500.0,low,不包住宿,无保险,普通,月结,有经验要求
chongqing,其他职业,不限工龄包住起薪6000,中央公园,7500.0,low,包住宿,无保险,普通,月结,无经验要求
chongqing,其他职业,月9000包吃周末双休,回兴,7500.0,low,不包住宿,无保险,普通,月结,有经验要求
chongqing,其他职业,抗压能力强员工旅游,人和,7500.0,low,不包住宿,无保险,普通,月结,有经验要求
chongqing,外卖配送,急招外卖骑手供车供住无押金月…,回龙湾,7500.0,low,不包住宿,无保险,急招,月结,有经验要求
chongqing,其他职业,大小休/没任何费用8000,陈家桥,7500.0,low,不包住宿,无保险,普通,月结,有经验要求
chongqing,外卖配送,主城外卖员8k解决吃住车站点…,九宫庙,7499.0,low,不包住宿,无保险,普通,月结,有经验要求
chongqing,外卖配送,冉家坝有底薪骑手提供车住,冉家坝,7293.0,low,不包住宿,无保险,普通,月结,有经验要求
chongqing,普工包装,急招AD钙奶包装月七千可短期,渝北,7250.0,low,不包住宿,无保险,急招,月结,有经验要求
chongqing,外卖配送,沙坪坝送餐员0元租车/新人奖…,小龙坎,7001.0,low,不包住宿,无保险,普通,月结,无经验要求
chongqing,其他职业,注塑主管,双福新区,7000.0,low,不包住宿,无保险,普通,月结,有经验要求
chongqing,其他职业,璧山美团分拣238一天,璧山高…,7000.0,low,不包住宿,无保险,普通,月结,有经验要求
chongqing,其他职业,物业维修操作员五险线切割,井口,7000.0,low,不包住宿,有保险,普通,月结,有经验要求
chongqing,普工包装,周结包装工240/天包吃住,九宫庙,7000.0,low,不包住宿,无保险,普通,月结,有经验要求
chongqing,普工包装,央企急聘普工280/天待遇好,龙兴,7000.0,low,不包住宿,无保险,急招,月结,有经验要求
chongqing,其他职业,手机监控音响新部门280/天…,沙坪坝,7000.0,low,不包住宿,无保险,普通,月结,有经验要求
chongqing,其他职业,美团分拣打包可预支有住宿,璧山高…,7000.0,low,不包住宿,无保险,普通,月结,有经验要求
chongqing,其他职业,周末双休：16岁以上均可烟草…,渝北,7000.0,low,不包住宿,无保险,普通,月结,有经验要求
chongqing,外卖配送,南岸骑手站点配车宿舍入职奖1…,回龙湾,7000.0,low,不包住宿,无保险,普通,月结,有经验要求
chongqing,其他职业,手机配件打包260/天,沙坪坝,7000.0,low,不包住宿,无保险,普通,月结,有经验要求
chongqing,其他职业,280一天烟草打包员包吃住,大学城,6850.0,low,不包住宿,无保险,普通,月结,有经验要求
chongqing,普工包装,坐岗手机盒包装员260每天,铜梁城区,6750.0,low,不包住宿,无保险,普通,月结,有经验要求
chongqing,其他职业,摄像头组装270一天人走帐清,陈家桥,6750.0,low,不包住宿,无保险,普通,月结,有经验要求
chongqing,普工包装,25/小时坐班包装工包吃包住,大学城,6750.0,low,包住宿,无保险,普通,月结,有经验要求
chongqing,普工包装,急聘包装工包吃住月7000,涪陵,6500.0,low,不包住宿,无保险,急招,月结,有经验要求
chongqing,服务接待,新店急招服务员,谢家湾,6500.0,low,不包住宿,无保险,急招,月结,有经验要求
chongqing,按摩理疗,中医理疗推拿师,石马河,6000.0,low,不包住宿,无保险,普通,月结,有经验要求
chongqing,其他职业,诚招中餐前厅主管5千包吃包住,冉家坝,5250.0,low,包住宿,无保险,普通,月结,有经验要求
chongqing,客服电话,无需经验小白客服包吃包住,石桥铺,5000.0,low,包住宿,无保险,普通,月结,有经验要求
chongqing,普工包装,渝北汽配普工包吃住周结,空港,5000.0,low,不包住宿,无保险,普通,月结,有经验要求
chongqing,其他职业,巡检（两班倒）,西彭,5000.0,low,不包住宿,无保险,普通,月结,有经验要求
chongqing,服务接待,聘服务员请投递简历,谢家湾,4500.0,low,不包住宿,无保险,普通,月结,有经验要求
chongqing,其他职业,高薪招聘餐厅门店店长,大学城,4500.0,low,不包住宿,无保险,普通,月结,有经验要求
guangzhou,司机,周结/时间自由网约车司机,嘉禾望岗,13750.0,high,不包住宿,无保险,普通,月结,有经验要求
guangzhou,司机,网约车司机退车不扣车损,东圃,13000.0,high,不包住宿,无保险,普通,月结,有经验要求
guangzhou,其他职业,诚招K歌沐足技师（福利好/免…,万博,12500.0,high,不包住宿,无保险,普通,月结,有经验要求
guangzhou,司机,可长期公司司机保底8k,珠江新…,12000.0,high,不包住宿,无保险,普通,月结,有经验要求
guangzhou,其他职业,天河区工作环境轻松,邵阳,12000.0,high,不包住宿,无保险,普通,月结,有经验要求
guangzhou,司机,长湴工资日结网约车司机,长湴,11750.0,medium,不包住宿,无保险,普通,日结,有经验要求
guangzhou,其他职业,时间自由日结底薪1w,从化区,11750.0,medium,不包住宿,无保险,普通,日结,有经验要求
guangzhou,司机,物流司机短途运输点对点,荔湾,11500.0,medium,不包住宿,无保险,普通,月结,有经验要求
guangzhou,司机,货运司机（接单）,荔湾,11500.0,medium,不包住宿,无保险,普通,月结,有经验要求
guangzhou,客服电话,银行催收客服五险一金,珠村,11500.0,medium,不包住宿,有保险,普通,月结,有经验要求
guangzhou,快递配送,快递员长白班婚假月1.3w,秀全,11500.0,medium,不包住宿,无保险,普通,月结,有经验要求
guangzhou,司机,食品加工厂招送物料司机,桂花岗,11500.0,medium,不包住宿,无保险,普通,月结,有经验要求
guangzhou,司机,广州跑单司机就近安排,白云,11500.0,medium,不包住宿,无保险,普通,月结,有经验要求
guangzhou,其他职业,有经验的综合门诊医生有食宿,朱村,11000.0,medium,包住宿,无保险,普通,月结,有经验要求
guangzhou,其他职业,周末双休｜穿搭有点累工资还OK,体育西路,11000.0,medium,不包住宿,无保险,普通,月结,有经验要求
guangzhou,司机,急招可短期试跑C1司机,机场路,11000.0,medium,不包住宿,无保险,急招,月结,有经验要求
guangzhou,司机,送货司机固定线路/不体检,花都,10800.0,medium,不包住宿,无保险,普通,月结,有经验要求
guangzhou,其他职业,周末双休五险一金月1.3w,员村,10500.0,medium,不包住宿,有保险,普通,月结,有经验要求
guangzhou,护理育婴,高薪急招月嫂阿姨,永泰,10500.0,medium,不包住宿,无保险,急招,月结,有经验要求
guangzhou,其他职业,接送员周结手机导航,花都,10500.0,medium,不包住宿,无保险,普通,月结,有经验要求
guangzhou,司机,网约车司机保底8000多劳多得,白云,10500.0,medium,不包住宿,无保险,普通,月结,有经验要求
guangzhou,护理育婴,国企护工产康师照顾孩子起薪8…,中山路,10000.0,medium,不包住宿,无保险,普通,月结,有经验要求
guangzhou,按摩理疗,泰式按摩技师福利多丽影店,客村,10000.0,medium,不包住宿,无保险,普通,月结,有经验要求
guangzhou,模特展示,大龄试衣有点累但工资还OK,科韵路,10000.0,medium,不包住宿,无保险,普通,月结,有经验要求
guangzhou,模特展示,中老年女装模特可不露脸,广州大…,10000.0,medium,不包住宿,无保险,普通,月结,有经验要求
guangzhou,模特展示,中大龄女装模特可新人微胖,华洲,10000.0,medium,不包住宿,无保险,普通,月结,无经验要求
guangzhou,模特展示,中老年女装模特可不露脸,广州大…,10000.0,medium,不包住宿,无保险,普通,月结,有经验要求
guangzhou,护理育婴,月入过万高薪聘请育婴师,永泰,10000.0,medium,不包住宿,无保险,普通,月结,有经验要求
guangzhou,其他职业,诚聘网约车派单保底9k,南湖,9500.0,medium,不包住宿,无保险,普通,月结,有经验要求
guangzhou,其他职业,公司开车短途送货免装卸,新塘,8500.0,medium,不包住宿,无保险,普通,月结,有经验要求
guangzhou,普工包装,零食大礼包包装30一小时包吃住,番禺,8300.0,medium,不包住宿,无保险,普通,月结,有经验要求
guangzhou,健身教练,新店招储备教练带薪包吃住,太和,8000.0,medium,不包住宿,无保险,普通,月结,有经验要求
guangzhou,健身教练,新店开业健身私人教练不够急招…,黄埔,8000.0,medium,不包住宿,无保险,急招,月结,有经验要求
guangzhou,健身教练,健身房会员多教练忙招助教,广州,8000.0,medium,不包住宿,无保险,普通,月结,有经验要求
guangzhou,健身教练,连锁店招健身教练学徒小白,白云,8000.0,medium,不包住宿,无保险,普通,月结,有经验要求
guangzhou,其他职业,白云新店5k包吃包住西点学徒,景泰,8000.0,medium,包住宿,无保险,普通,月结,有经验要求
guangzhou,销售营销,酒吧营销8K起包吃住,西村,8000.0,medium,不包住宿,无保险,普通,月结,有经验要求
guangzhou,其他职业,适合新手的服装展示员8k,嘉禾望岗,8000.0,medium,不包住宿,无保险,普通,月结,有经验要求
guangzhou,服务接待,酒吧服务员,珠江新…,8000.0,medium,不包住宿,无保险,普通,月结,有经验要求
guangzhou,其他职业,抖音主播带货,新市,8000.0,medium,不包住宿,无保险,普通,月结,有经验要求
guangzhou,其他职业,五险包吃包住6-8k烘焙师助理,永泰,8000.0,medium,包住宿,有保险,普通,月结,有经验要求
guangzhou,其他职业,高薪甜品学徒福利待遇好,嘉禾望岗,8000.0,medium,不包住宿,无保险,普通,月结,有经验要求
guangzhou,其他职业,主播,太和,8000.0,medium,不包住宿,无保险,普通,月结,有经验要求
guangzhou,其他职业,急招化妆品设计师薪资高福利待…,广州,8000.0,medium,不包住宿,无保险,急招,月结,有经验要求
guangzhou,其他职业,适合新手职位、8K包吃住,南湖,8000.0,medium,不包住宿,无保险,普通,月结,有经验要求
guangzhou,其他职业,越秀区包住急聘,共和路,8000.0,medium,包住宿,无保险,急招,月结,有经验要求
guangzhou,健身教练,招零基础健身教练助教包吃住（…,东平,8000.0,medium,不包住宿,无保险,普通,月结,有经验要求
guangzhou,健身教练,健身房直招健身教练学徒保底4…,人和,8000.0,medium,不包住宿,无保险,普通,月结,有经验要求
guangzhou,健身教练,会员多教练忙不过来招健身教练…,滨江中,8000.0,medium,不包住宿,无保险,普通,月结,有经验要求
guangzhou,健身教练,退伍军人健身教练学徒,广州大…,8000.0,medium,不包住宿,无保险,普通,月结,有经验要求
guangzhou,健身教练,教练不够招学徒,龙归,8000.0,medium,不包住宿,无保险,普通,月结,有经验要求
guangzhou,健身教练,会员太多教练忙招巡场学徒,同和,8000.0,medium,不包住宿,无保险,普通,月结,有经验要求
guangzhou,健身教练,急招零基础健身教练学徒,嘉禾望岗,8000.0,medium,不包住宿,无保险,急招,月结,有经验要求
guangzhou,其他职业,『照顾孩子』1.2万请新手熟…,共和路,8000.0,medium,不包住宿,无保险,普通,月结,有经验要求
guangzhou,护理育婴,月嫂周末双休,体育西路,8000.0,medium,不包住宿,无保险,普通,月结,有经验要求
guangzhou,其他职业,捷普总厂月入7K坐班免费体检…,黄埔,7750.0,low,不包住宿,无保险,普通,月结,有经验要求
guangzhou,其他职业,食品厂贴标签分拣29/时包吃…,南海神庙,7500.0,low,不包住宿,无保险,普通,月结,有经验要求
guangzhou,普工包装,普工小厂包吃住坐班不体检,沙湾,7500.0,low,不包住宿,无保险,普通,月结,有经验要求
guangzhou,其他职业,艾灸技师（早九晚六）,大石,7500.0,low,不包住宿,无保险,普通,月结,有经验要求
guangzhou,其他职业,月1w/无需经验者,华师,7500.0,low,不包住宿,无保险,普通,月结,有经验要求
guangzhou,普工包装,电子厂普工坐班月入8千包吃住,香雪,7475.0,low,不包住宿,无保险,普通,月结,有经验要求
guangzhou,普工包装,番禺南村包装25元/时人走账清,南村镇,7000.0,low,不包住宿,无保险,普通,月结,有经验要求
guangzhou,其他职业,后厨,西门口,7000.0,low,不包住宿,无保险,普通,月结,有经验要求
guangzhou,其他职业,美容助理（月8000包吃）,金沙洲,7000.0,low,不包住宿,无保险,普通,月结,有经验要求
guangzhou,其他职业,电商分拣打包30/时包吃住接…,花都,6932.0,low,不包住宿,无保险,普通,月结,有经验要求
guangzhou,其他职业,直播运营中控,石楼,6500.0,low,不包住宿,无保险,普通,月结,有经验要求
guangzhou,其他职业,AOI测试员,镜湖大道,6500.0,low,不包住宿,无保险,普通,月结,有经验要求
guangzhou,服务接待,迎宾接待福利好吃住,市桥,6000.0,low,不包住宿,无保险,普通,月结,有经验要求
guangzhou,其他职业,月休4天五险包吃包住,龙归,5250.0,low,包住宿,有保险,普通,月结,有经验要求
guangzhou,服务接待,火锅店服务员18岁起食宿,长兴,4200.0,low,包住宿,无保险,普通,月结,有经验要求
shanghai,健身教练,诚聘健身教练（桂林公园店）,漕宝路站,22500.0,high,不包住宿,无保险,普通,月结,有经验要求
shanghai,司机,0押金租金上班方式司机保底1…,宝山,15500.0,high,不包住宿,无保险,普通,月结,有经验要求
shanghai,司机,商务司机周末双休,航头,15500.0,high,不包住宿,无保险,普通,月结,有经验要求
shanghai,其他职业,每天一结钱会开车你就来,颛桥,15000.0,high,不包住宿,无保险,普通,月结,有经验要求
shanghai,司机,招聘接送乘客司机每日一结,颛桥,15000.0,high,不包住宿,无保险,普通,月结,有经验要求
shanghai,司机,公司招网约司机保底1万二无押…,上海,15000.0,high,不包住宿,无保险,普通,月结,有经验要求
shanghai,司机,C1驾驶员0押0租包住,松江工…,15000.0,high,包住宿,无保险,普通,月结,有经验要求
shanghai,司机,上海网约车平台直招司机包住,康桥,14500.0,high,包住宿,无保险,普通,月结,有经验要求
shanghai,其他职业,接受无经验包住,新桥,14500.0,high,包住宿,无保险,普通,月结,无经验要求
shanghai,其他职业,气质款珠宝拍摄中老年新人,丰庄,14000.0,high,不包住宿,无保险,普通,月结,无经验要求
shanghai,模特展示,可不露脸中老年试衣模特,马桥,14000.0,high,不包住宿,无保险,普通,月结,有经验要求
shanghai,司机,上海直招诚聘司机保底1.2w…,杨行,14000.0,high,不包住宿,无保险,普通,月结,有经验要求
shanghai,司机,招3名小车司机底薪12000…,颛桥,14000.0,high,不包住宿,无保险,普通,月结,有经验要求
shanghai,司机,梦想之旅司机招募启动,松江工…,13500.0,high,不包住宿,无保险,普通,月结,有经验要求
shanghai,其他职业,周结包住月1.5w,杨东,13500.0,high,包住宿,无保险,普通,月结,有经验要求
shanghai,司机,上海网约车司机0押金五险一金,莘庄北…,13500.0,high,不包住宿,有保险,普通,月结,有经验要求
shanghai,司机,直招网约司机自己提现包住,康桥,13500.0,high,包住宿,无保险,普通,月结,有经验要求
shanghai,司机,不租不买直招司机流水日结包吃住,莘庄北…,13500.0,high,不包住宿,无保险,普通,日结,有经验要求
shanghai,按摩理疗,高薪诚聘足疗技师包吃包住,真新,13500.0,high,包住宿,无保险,普通,月结,有经验要求
shanghai,司机,无费用网约司机工资一万二交五…,淞南,13500.0,high,不包住宿,无保险,普通,月结,有经验要求
shanghai,司机,诚聘纯C1驾驶员工资日结,刘行,13500.0,high,不包住宿,无保险,普通,日结,有经验要求
shanghai,其他职业,萨克斯老师,大华,13500.0,high,不包住宿,无保险,普通,月结,有经验要求
shanghai,其他职业,长笛/竹笛老师,大华,13500.0,high,不包住宿,无保险,普通,月结,有经验要求
shanghai,司机,保底1万2网约司机包住0押金,宝山,13500.0,high,包住宿,无保险,普通,月结,有经验要求
shanghai,司机,网约司机公司出车你出人月薪过万,新桥,13500.0,high,不包住宿,无保险,普通,月结,有经验要求
shanghai,司机,上海网约车司机0押金0租金包…,淞南,13100.0,high,不包住宿,无保险,普通,月结,有经验要求
shanghai,司机,公司直招小车司机包住零押金接…,杨行,13000.0,high,包住宿,无保险,普通,月结,有经验要求
shanghai,其他职业,新能源车弹性自由月1.5w,闵行,12500.0,high,不包住宿,无保险,普通,月结,有经验要求
shanghai,司机,平台直招司机无责保底1W,颛桥,12500.0,high,不包住宿,无保险,普通,月结,有经验要求
shanghai,快递配送,驻店快递员/免费车子/就送一…,西郊公园,12500.0,high,不包住宿,无保险,普通,月结,有经验要求
shanghai,其他职业,8K+美容师,三林,12500.0,high,不包住宿,无保险,普通,月结,有经验要求
shanghai,司机,C1司机0押0租包住周结,颛桥,12500.0,high,包住宿,无保险,普通,月结,有经验要求
shanghai,客服电话,有经验皮具护理师直接电话联系,西藏北路,12500.0,high,不包住宿,无保险,普通,月结,有经验要求
shanghai,外卖配送,骑手骑车上下班可日结,虹口周…,12000.0,high,不包住宿,无保险,普通,日结,有经验要求
shanghai,其他职业,公司配车周结月入1.5W,颛桥,11500.0,medium,不包住宿,无保险,普通,月结,有经验要求
shanghai,其他职业,8k起汽车钣金工包吃住,宝山,11500.0,medium,不包住宿,无保险,普通,月结,有经验要求
shanghai,模特展示,晚礼服团队时装展示走秀模特包…,九亭,11500.0,medium,不包住宿,无保险,普通,月结,有经验要求
shanghai,护理育婴,育婴师（月1.5w包住）,光新,11500.0,medium,包住宿,无保险,普通,月结,有经验要求
shanghai,其他职业,不限工龄公司配车,金山新城,11500.0,medium,不包住宿,无保险,普通,月结,无经验要求
shanghai,司机,无需学历c1司机,颛桥,11500.0,medium,不包住宿,无保险,普通,月结,有经验要求
shanghai,其他职业,家具安装工,马陆,11000.0,medium,不包住宿,无保险,普通,月结,有经验要求
shanghai,其他职业,公司直招/日结/包住,华漕,11000.0,medium,包住宿,无保险,普通,日结,有经验要求
shanghai,司机,客运司机（日结工）,顾村,10500.0,medium,不包住宿,无保险,普通,日结,有经验要求
shanghai,其他职业,ktv高薪酒水促销员,上海,10000.0,medium,不包住宿,无保险,普通,月结,有经验要求
shanghai,外卖配送,驻店超市招骑手待遇优厚,万里城,10000.0,medium,不包住宿,无保险,普通,月结,有经验要求
shanghai,模特展示,女装新人试衣可微胖可大龄,江桥,10000.0,medium,不包住宿,无保险,普通,月结,无经验要求
shanghai,模特展示,中老年女装模特可新人小白,朱桥,10000.0,medium,不包住宿,无保险,普通,月结,无经验要求
shanghai,模特展示,中大龄女装模特空闲工作,友谊路,10000.0,medium,不包住宿,无保险,普通,月结,有经验要求
shanghai,模特展示,中大龄女装模特无需高颜值,嘉定新城,10000.0,medium,不包住宿,无保险,普通,月结,有经验要求
shanghai,普工包装,长白班装卸搬运工月薪过万,真光,9000.0,medium,不包住宿,无保险,普通,月结,有经验要求
shanghai,其他职业,下单员,五角场,9000.0,medium,不包住宿,无保险,普通,月结,有经验要求
shanghai,其他职业,不限工龄包住底薪6000,南翔,9000.0,medium,包住宿,无保险,普通,月结,无经验要求
shanghai,其他职业,奉贤安能8千装卸工,奉城,8750.0,medium,不包住宿,无保险,普通,月结,有经验要求
shanghai,司机,带车司机电话联系,上海,8500.0,medium,不包住宿,无保险,普通,月结,有经验要求
shanghai,其他职业,懒人小厂招质检300一天包吃住,康桥,8450.0,medium,不包住宿,无保险,普通,月结,有经验要求
shanghai,其他职业,贴标签300一天岗位轻松包吃住,康桥,8450.0,medium,不包住宿,无保险,普通,月结,有经验要求
shanghai,其他职业,浦西浦东招有经验缝纫工改衣师…,淮海中路,8300.0,medium,不包住宿,无保险,普通,月结,有经验要求
shanghai,其他职业,张江碧波路招保洁主管,上海,8100.0,medium,不包住宿,无保险,普通,月结,有经验要求
shanghai,其他职业,招空调工/锅炉工-需有证,花木,8000.0,medium,不包住宿,无保险,普通,月结,有经验要求
shanghai,其他职业,公司活动多高薪,杨行,8000.0,medium,不包住宿,无保险,普通,月结,有经验要求
shanghai,模特展示,拼夕夕大龄女装试衣工资OK,西藏北路,8000.0,medium,不包住宿,无保险,普通,月结,有经验要求
shanghai,其他职业,柔式SPA师-保底3个起,东外滩,8000.0,medium,不包住宿,无保险,普通,月结,有经验要求
shanghai,其他职业,月1.5w周末双休,罗店,8000.0,medium,不包住宿,无保险,普通,月结,有经验要求
shanghai,其他职业,月1w良好的人际沟通,闵行,7500.0,low,不包住宿,无保险,普通,月结,有经验要求
shanghai,服务接待,直聘调酒学徒服务员包吃住,陆家嘴,7250.0,low,不包住宿,无保险,普通,月结,有经验要求
shanghai,服务接待,直招服务员包吃住,共康,7250.0,low,不包住宿,无保险,普通,月结,有经验要求
shanghai,其他职业,机械设计工程师,泗泾,7250.0,low,不包住宿,无保险,普通,月结,有经验要求
shanghai,其他职业,普陀财务会计助理,长征,6000.0,low,不包住宿,无保险,普通,月结,有经验要求
shanghai,服务接待,餐饮服务员包吃住电话联系,罗泾,5500.0,low,不包住宿,无保险,普通,月结,有经验要求
shanghai,服务接待,急招5000以上服务员包食宿,北蔡,5500.0,low,包住宿,无保险,急招,月结,有经验要求
shenzhen,其他职业,高级机械结构工程师,宝安区,29000.0,high,不包住宿,无保险,普通,月结,有经验要求
shenzhen,其他职业,急聘包吃住美容店长五险一金,福永,22500.0,high,不包住宿,有保险,急招,月结,有经验要求
shenzhen,其他职业,幼教/包吃/周末双休,深圳湾,20000.0,high,不包住宿,无保险,普通,月结,有经验要求
shenzhen,其他职业,高薪招美容店长五险包住,蛇口,14000.0,high,包住宿,有保险,普通,月结,有经验要求
shenzhen,按摩理疗,按摩SPA师包吃住不熬夜,皇岗,13500.0,high,不包住宿,无保险,普通,月结,有经验要求
shenzhen,其他职业,足浴技师,横岗,12500.0,high,不包住宿,无保险,普通,月结,有经验要求
shenzhen,其他职业,98气氛组/500/天可新手…,龙岗,12000.0,high,不包住宿,无保险,普通,月结,有经验要求
shenzhen,其他职业,汉服旗袍服装礼仪包食宿,新安,11500.0,medium,包住宿,无保险,普通,月结,有经验要求
shenzhen,其他职业,单亲家庭聘请阿姨月薪过万,大浪,11300.0,medium,不包住宿,无保险,普通,月结,有经验要求
shenzhen,司机,新能源车货运司机,大浪,11000.0,medium,不包住宿,无保险,普通,月结,有经验要求
shenzhen,司机,私人司机一名（只拿工资）,沙井,11000.0,medium,不包住宿,无保险,普通,月结,有经验要求
shenzhen,按摩理疗,纯正规K歌足疗店足疗师,大浪,11000.0,medium,不包住宿,无保险,普通,月结,有经验要求
shenzhen,其他职业,包吃住美容师保底12k,沙井,10500.0,medium,不包住宿,无保险,普通,月结,有经验要求
shenzhen,外卖配送,可提供吃住配车日均50单送餐员,南山中…,10083.0,medium,不包住宿,无保险,普通,月结,有经验要求
shenzhen,司机,货运司机/线上接单,龙华,10000.0,medium,不包住宿,无保险,普通,月结,有经验要求
shenzhen,司机,私人司机一名（纯打工),龙岗,10000.0,medium,不包住宿,无保险,普通,月结,有经验要求
shenzhen,司机,制衣厂招c1司机,沙井,10000.0,medium,不包住宿,无保险,普通,月结,有经验要求
shenzhen,其他职业,小程序开发,深圳,10000.0,medium,不包住宿,无保险,普通,月结,有经验要求
shenzhen,其他职业,厂长/副厂长,光明,10000.0,medium,不包住宿,无保险,普通,月结,有经验要求
shenzhen,其他职业,免费中医学徒助理,莲塘,9750.0,medium,不包住宿,无保险,普通,月结,有经验要求
shenzhen,其他职业,急招高提成报关业务员,莲塘,9000.0,medium,不包住宿,无保险,急招,月结,有经验要求
shenzhen,其他职业,急招建筑小工240元/天,公明,9000.0,medium,不包住宿,无保险,急招,月结,有经验要求
shenzhen,其他职业,高薪诚聘带货主播+轻松,龙岗,9000.0,medium,不包住宿,无保险,普通,月结,有经验要求
shenzhen,其他职业,不用经验+穿普通工衣+车间环…,龙华中…,8250.0,medium,不包住宿,无保险,普通,月结,有经验要求
shenzhen,普工包装,坐班普工轻松自在包吃包住,横岗,8250.0,medium,包住宿,无保险,普通,月结,有经验要求
shenzhen,普工包装,随便吃/包装工/食品厂,油松,8250.0,medium,不包住宿,无保险,普通,月结,有经验要求
shenzhen,普工包装,不找中介进厂的来30/小时普工,横岗,8250.0,medium,不包住宿,无保险,普通,月结,有经验要求
shenzhen,司机,牛奶配送货运司机,沙井,8250.0,medium,不包住宿,无保险,普通,月结,有经验要求
shenzhen,普工包装,小厂白班包装五险一金8K,李朗,8250.0,medium,不包住宿,有保险,普通,月结,有经验要求
shenzhen,普工包装,坐着上班｜普工临时工混工时7…,坪地,8150.0,medium,不包住宿,无保险,普通,月结,有经验要求
shenzhen,按摩理疗,spa按摩技师无需经验者高薪,龙岗中…,8000.0,medium,不包住宿,无保险,普通,月结,有经验要求
shenzhen,其他职业,推拿师调理亚健康调理师艾灸师,民治,8000.0,medium,不包住宿,无保险,普通,月结,有经验要求
shenzhen,其他职业,亚健康调理推拿师/助理,民治,8000.0,medium,不包住宿,无保险,普通,月结,有经验要求
shenzhen,护理育婴,育婴师（周末双休）,后亭,8000.0,medium,不包住宿,无保险,普通,月结,有经验要求
shenzhen,其他职业,家政服务人员（做饭搞卫生）,龙岗,8000.0,medium,不包住宿,无保险,普通,月结,有经验要求
shenzhen,其他职业,1万招聘儿童成长陪伴师,百鸽笼,8000.0,medium,不包住宿,无保险,普通,月结,有经验要求
shenzhen,其他职业,高薪直招家政保洁稳定派单,华强北,8000.0,medium,不包住宿,无保险,普通,月结,有经验要求
shenzhen,其他职业,住家保姆（周末双休）,沙井,8000.0,medium,不包住宿,无保险,普通,月结,有经验要求
shenzhen,服务接待,客房服务员包吃住提成高,西乡,8000.0,medium,不包住宿,无保险,普通,月结,有经验要求
shenzhen,其他职业,新店招烘焙学徒不会可教,龙岗,8000.0,medium,不包住宿,无保险,普通,月结,有经验要求
shenzhen,按摩理疗,按摩SPA师有无经验均可,东门,8000.0,medium,不包住宿,无保险,普通,月结,无经验要求
shenzhen,其他职业,零基础面包西点学徒包吃住,马安山,8000.0,medium,不包住宿,无保险,普通,月结,有经验要求
shenzhen,其他职业,行政文员,龙岗,8000.0,medium,不包住宿,无保险,普通,月结,有经验要求
shenzhen,健身教练,边减脂边工作8k健身学徒包吃住,龙岗,8000.0,medium,不包住宿,无保险,普通,月结,有经验要求
shenzhen,其他职业,游戏主播,沙井,8000.0,medium,不包住宿,无保险,普通,月结,有经验要求
shenzhen,按摩理疗,按摩SPA师永久保底包吃住,后海,8000.0,medium,不包住宿,无保险,普通,月结,有经验要求
shenzhen,其他职业,餐饮学徒待遇好,南山中…,8000.0,medium,不包住宿,无保险,普通,月结,有经验要求
shenzhen,其他职业,招聘财务,松岗,8000.0,medium,不包住宿,无保险,普通,月结,有经验要求
shenzhen,其他职业,南山招聘有经验美容顾问,南山区,8000.0,medium,不包住宿,无保险,普通,月结,有经验要求
shenzhen,普工包装,小厂普工包吃住可带手机,丹竹头,7865.0,low,不包住宿,无保险,普通,月结,有经验要求
shenzhen,其他职业,观澜贴标签（220一天白班包…,深圳,7500.0,low,不包住宿,无保险,普通,月结,有经验要求
shenzhen,其他职业,气氛组队员/来就上班,深圳周边,7500.0,low,不包住宿,无保险,普通,月结,有经验要求
shenzhen,普工包装,小厂包吃住长白班普工不体检坐…,南联,7400.0,low,不包住宿,无保险,普通,月结,有经验要求
shenzhen,普工包装,急招长白班普工包吃住待遇优,龙岗,7300.0,low,不包住宿,无保险,急招,月结,有经验要求
shenzhen,其他职业,有团建活动月8500,横岗,7250.0,low,不包住宿,无保险,普通,月结,有经验要求
shenzhen,模特展示,礼仪服装展示模特,龙华,7000.0,low,不包住宿,无保险,普通,月结,有经验要求
shenzhen,服务接待,酒吧服务员晚班日结包吃住,深圳北站,7000.0,low,不包住宿,无保险,普通,日结,有经验要求
shenzhen,普工包装,深圳比亚迪急招普工24元/时,龙岗,6500.0,low,不包住宿,无保险,急招,月结,有经验要求
shenzhen,普工包装,葵涌比亚迪工厂直招普工250…,葵涌,6500.0,low,不包住宿,无保险,普通,月结,有经验要求
shenzhen,其他职业,手工面面点师（深圳体校）,大运,6500.0,low,不包住宿,无保险,普通,月结,有经验要求
shenzhen,服务接待,诚聘酒吧服务员,蔡屋围,6500.0,low,不包住宿,无保险,普通,月结,有经验要求
shenzhen,其他职业,高薪招外贸运营专员,松岗,6500.0,low,不包住宿,无保险,普通,月结,有经验要求
shenzhen,服务接待,酒吧服务员包吃住环境好,清湖,6499.0,low,不包住宿,无保险,普通,月结,有经验要求
shenzhen,其他职业,公寓酒店前台,西乡,6000.0,low,不包住宿,无保险,普通,月结,有经验要求
shenzhen,服务接待,服务员包吃住4.2k起,宝华,5600.0,low,不包住宿,无保险,普通,月结,有经验要求
shenzhen,服务接待,急聘服务员包吃住待遇好,美丽3…,5500.0,low,不包住宿,无保险,急招,月结,有经验要求
shenzhen,其他职业,急招音乐餐吧前台收银,华强南,5500.0,low,不包住宿,无保险,急招,月结,有经验要求
shenzhen,服务接待,招服务员包食宿待遇优,黄贝岭,5000.0,low,包住宿,无保险,普通,月结,有经验要求
shenzhen,服务接待,服务员包吃住4500保底,平湖,5000.0,low,不包住宿,无保险,普通,月结,有经验要求
shenzhen,其他职业,深圳福田便利店收银员招工,华强北,4810.0,low,不包住宿,无保险,普通,月结,有经验要求
taiyuan,护理育婴,月嫂育婴师高薪,南中环,11500.0,medium,不包住宿,无保险,普通,月结,有经验要求
taiyuan,司机,网约车司机自带车优先,迎泽区,11000.0,medium,不包住宿,无保险,普通,月结,有经验要求
taiyuan,司机,滴滴司机包车可日结,火车站,10000.0,medium,不包住宿,无保险,普通,日结,有经验要求
taiyuan,司机,货运司机B2驾照,尖草坪区,9500.0,medium,不包住宿,无保险,普通,月结,有经验要求
taiyuan,销售营销,销售代表底薪加提成,亲贤街,9000.0,medium,不包住宿,无保险,普通,月结,有经验要求
taiyuan,外卖配送,外卖员-太原市内配送,柳巷,8000.0,medium,不包住宿,无保险,普通,月结,有经验要求
taiyuan,其他职业,焊工有证优先,清徐县,7500.0,low,不包住宿,无保险,普通,月结,有经验要求
taiyuan,其他职业,美容师提成丰厚,府西街,7000.0,low,不包住宿,无保险,普通,月结,有经验要求
taiyuan,快递配送,快递员急招当天上岗,南内环,6500.0,low,不包住宿,无保险,急招,月结,有经验要求
taiyuan,按摩理疗,按摩师学徒可培训,五一路,6500.0,low,不包住宿,无保险,普通,月结,有经验要求
taiyuan,其他职业,网络主播可兼职,大南门,6500.0,low,不包住宿,无保险,普通,月结,有经验要求
taiyuan,其他职业,汽车修理工,汽车城,6500.0,low,不包住宿,无保险,普通,月结,有经验要求
taiyuan,其他职业,装修工人日结算,晋阳街,6000.0,low,不包住宿,无保险,普通,日结,有经验要求
taiyuan,其他职业,家政保洁小时工,长治路,6000.0,low,不包住宿,无保险,普通,月结,有经验要求
taiyuan,销售营销,电话销售无经验可培训,建设路,6000.0,low,不包住宿,无保险,普通,月结,无经验要求
taiyuan,其他职业,水电工维修师傅,杏花岭区,6000.0,low,不包住宿,无保险,普通,月结,有经验要求
taiyuan,普工包装,库房搬运工包食宿,小店区,5500.0,low,包住宿,无保险,普通,月结,有经验要求
taiyuan,普工包装,电子厂普工三班倒,经济开发区,5000.0,low,不包住宿,无保险,普通,月结,有经验要求
taiyuan,其他职业,厨师学徒包教会,食品街,5000.0,low,不包住宿,无保险,普通,月结,有经验要求
taiyuan,安保安检,保安队长五险一金,万柏林区,4750.0,low,不包住宿,有保险,普通,月结,有经验要求
taiyuan,客服电话,客服代表双休五险,长风街,4500.0,low,不包住宿,有保险,普通,月结,有经验要求
taiyuan,司机,代驾司机时间自由,全太原,4500.0,low,不包住宿,无保险,普通,月结,有经验要求
taiyuan,其他职业,促销员周末兼职,华宇购物中心,4500.0,low,不包住宿,无保险,普通,月结,有经验要求
taiyuan,服务接待,餐厅服务员包吃住,铜锣湾,4000.0,low,不包住宿,无保险,普通,月结,有经验要求
taiyuan,其他职业,收银员商场专柜,茂业天地,4000.0,low,不包住宿,无保险,普通,月结,有经验要求
taiyuan,服务接待,前台接待形象佳,南内环,4000.0,low,不包住宿,无保险,普通,月结,有经验要求
taiyuan,安保安检,夜班保安4小时制,太钢,3600.0,low,不包住宿,无保险,普通,月结,有经验要求
taiyuan,其他职业,超市理货员就近安排,胜利街,3500.0,low,不包住宿,无保险,普通,月结,有经验要求
taiyuan,其他职业,清洁工早班6-10点,高新区,3150.0,low,不包住宿,无保险,普通,月结,有经验要求
